<DialogueTree xmlns:xsi="http://www.w3.org/2001/XMLSchema-instance" xsi:noNamespaceSchemaLocation="https://raw.githubusercontent.com/xen-42/outer-wilds-new-horizons/main/NewHorizons/Schemas/dialogue_schema.xsd">
	<NameField>Chert</NameField>

	<DialogueNode>
		<Name>Start</Name>
		<EntryCondition>DEFAULT</EntryCondition>
		<Dialogue>
			<Page>(CHERT_START_1) Hello there! Is this your first launch? Welcome to the Hourglass Twins.</Page>
		</Dialogue>


		<DialogueOptionsList>
			<DialogueOption>
				<Text>(CHERT_START_2) Yes, it is. What are you doing here exactly?</Text>
				<DialogueTarget>2</DialogueTarget>
			</DialogueOption>

			<DialogueOption>
				<Text>(CHERT_START_3) Let's celebrate Christmas! I'm helping travelers get home for the celebration.</Text>
				<DialogueTarget>4</DialogueTarget>
			</DialogueOption>
		</DialogueOptionsList>
	</DialogueNode>

	<DialogueNode>
		<Name>2</Name>
		<Dialogue>
			<Page>(CHERT_START_4) Star charts, you know. This is a great place to spot astronomical events, such as supernovas.</Page>
			<Page>(CHERT_START_5) I've actually seen a couple today. It's very rare.</Page>
		</Dialogue>
		<DialogueOptionsList>
			<DialogueOption>
				<Text>(CHERT_START_6) I see.</Text>
				<DialogueTarget>3</DialogueTarget>
			</DialogueOption>
		</DialogueOptionsList>
	</DialogueNode>

	<DialogueNode>
		<Name>3</Name>
		<EntryCondition>CHERT_START_MET</EntryCondition>
		<Dialogue>
			<Page>(CHERT_START_7) So, what can I help you with?</Page>
		</Dialogue>

		<DialogueOptionsList>
			<DialogueOption>
				<Text>(CHERT_START_8) Let's celebrate Christmas! I'm helping travelers get home for the celebration.</Text>
				<DialogueTarget>4</DialogueTarget>
			</DialogueOption>
			<DialogueOption>
				<Text>(CHERT_START_9) Nothing. Have a nice day!</Text>
			</DialogueOption>
		</DialogueOptionsList>
	</DialogueNode>

	<DialogueNode>
		<Name>4</Name>
		<Dialogue>
			<Page>(CHERT_START_10) What do you mean? Should I just leave my place and interrupt such important work? Absolutely not.</Page>
		</Dialogue>

		<DialogueOptionsList>
			<DialogueOption>
				<Text>(CHERT_START_11) Oh, the thing is, I'm in a time loop. Our sun will soon become a supernova. I have seen that happen many times before. I have already explored everything, so you can go back.</Text>
				<DialogueTarget>5</DialogueTarget>
			</DialogueOption>
		</DialogueOptionsList>
	</DialogueNode>

	<DialogueNode>
		<Name>5</Name>
		<Dialogue>
			<Page>(CHERT_START_12) Ha-ha, you're very funny! Go on, tell me what you know then.</Page>
		</Dialogue>
		<DialogueOptionsList>
			<DialogueOption>
				<Text>(CHERT_START_13) The Eye of the Universe was found by a nearby solar system species, and their ship is still here.</Text>
				<DialogueTarget>5.1</DialogueTarget>
			</DialogueOption>
		</DialogueOptionsList>
	</DialogueNode>

	<DialogueNode>
		<Name>5.1</Name>
		<Dialogue>
			<Page>(CHERT_START_14) Uh-huh...</Page>
		</Dialogue>
		<DialogueOptionsList>
			<DialogueOption>
				<Text>(CHERT_START_15) The Nomai came from another solar system too, but they were not able to find the Eye because its signal was blocked by the first species.</Text>
				<DialogueTarget>5.2</DialogueTarget>
			</DialogueOption>
		</DialogueOptionsList>
	</DialogueNode>

	<DialogueNode>
		<Name>5.2</Name>
		<Dialogue>
			<Page>(CHERT_START_16) Uh-huh.. go on...</Page>
		</Dialogue>
		<DialogueOptionsList>
			<DialogueOption>
				<Text>(CHERT_START_17) The Nomai made a time-loop machine to find the Eye but died from the Interloper and ghost matter.</Text>
				<DialogueTarget>8</DialogueTarget>
			</DialogueOption>
		</DialogueOptionsList>
	</DialogueNode>


	<DialogueNode>
		<Name>8</Name>
		<Dialogue>
			<Page>(CHERT_START_18) Wow. I was expecting you to say something like \"Sure, I was joking, gotcha! \" but... this...</Page>			
			<Page>(CHERT_START_20) It sounds unbelievable... all of it!</Page>
			<Page>(CHERT_START_21) But alright, let's make a deal: I will go to Timber Hearth if you can prove everything you said.</Page>
		</Dialogue>
		<DialogueOptionsList>
			<DialogueOption>
				<RequiredPersistentCondition>CHERT_PHRASE_KNOWN_NEXT_LOOP</RequiredPersistentCondition>
				<Text>(CHERT_START_22) Sure! I already know the exact things you would ask: secret information that only you could know, unknown Nomai tech, and any other kind of tech.</Text>
				<DialogueTarget>15.1</DialogueTarget>
			</DialogueOption>
			<DialogueOption>
			    <CancelledPersistentCondition>CHERT_PHRASE_KNOWN_NEXT_LOOP</CancelledPersistentCondition>
				<Text>(CHERT_START_23) Alright! How do we do this?</Text>
				<DialogueTarget>9</DialogueTarget>
			</DialogueOption>
		</DialogueOptionsList>
	</DialogueNode>

	<DialogueNode>
		<Name>9</Name>
		<SetPersistentCondition>CHERT_PHRASE_KNOWN</SetPersistentCondition>
		<Dialogue>
			<Page>(CHERT_START_24) So, if you're saying you're in a time loop, you can prove it by telling me something that only I could know.</Page>
			<Page>(CHERT_START_25) You can say: You can say: \"Chert, I know that only you know who the Jumbo Marshmallow creator is\".</Page>
		</Dialogue>
		<DialogueOptionsList>
			<DialogueOption>
				<Text>(CHERT_START_26) Who is it?</Text>
				<DialogueTarget>9.1</DialogueTarget>
			</DialogueOption>
			<DialogueOption>
				<Text>(CHERT_START_27) Alright, will that be enough?</Text>
				<DialogueTarget>10.1</DialogueTarget>
			</DialogueOption>
		</DialogueOptionsList>
	</DialogueNode>

	<DialogueNode>
		<Name>9.1</Name>
		<Dialogue>
			<Page>(CHERT_START_28) It's a big secret. Maybe one day you will know, but for now, it's the only thing I could say.</Page>
		</Dialogue>
		<DialogueOptionsList>
			<DialogueOption>
				<Text>(CHERT_START_29) Alright, will that be enough?</Text>
				<DialogueTarget>10.1</DialogueTarget>
			</DialogueOption>
		</DialogueOptionsList>
	</DialogueNode>

	<DialogueNode>
		<Name>10.1</Name>		
		<Dialogue>
			<Page>(CHERT_START_30) No, since you're saying you are Mr. 'I know everything,' I'm asking you to bring something new to the table.</Page>
			<Page>(CHERT_START_31) I mean, any unknown Nomai technology, and don't you dare take anything from the museum!</Page>
			<Page>(CHERT_START_32) What else did you say? The other species' ship is still here? Cool, bring me something from their tech, and we're good.</Page>
			<Page>(CHERT_START_33) So, the deal is the secret phrase, some unknown Nomai tech, and something significant from another civilization's tech. Deal?</Page>
		</Dialogue>
		<DialogueOptionsList>
			<DialogueOption>
				<Text>(CHERT_START_34) Deal. You better prepare to fly home!</Text>
				<DialogueTarget>13</DialogueTarget>
				<ConditionToSet>CHERT_START_MET_2</ConditionToSet>
			</DialogueOption>
			<DialogueOption>
				<Text>(CHERT_START_35) Chert, I know that only you know who the Jumbo Marshmallow creator is.</Text>
				<DialogueTarget>12.1</DialogueTarget>
				<CancelledCondition>CHERT_START_MET</CancelledCondition>
			</DialogueOption>
		</DialogueOptionsList>
	</DialogueNode>

	<DialogueNode>
		<Name>12.1</Name>
		<Dialogue>
			<Page>(CHERT_START_36) Oh, that was witty. Tell me that in the next loop in case you're not lying.</Page>
		</Dialogue>
		<DialogueOptionsList>
			<DialogueOption>
				<Text>(CHERT_START_37) Okay, I'll do this. Bye.</Text>
				<DialogueTarget>13</DialogueTarget>
				<ConditionToSet>CHERT_START_MET_2</ConditionToSet>
			</DialogueOption>
			<DialogueOption>
				<Text>(CHERT_START_38) Chert, I know that only you know who the Jumbo Marshmallow creator is.</Text>
				<DialogueTarget>14</DialogueTarget>
				<ConditionToSet>CHERT_START_MET_2</ConditionToSet>
			</DialogueOption>
		</DialogueOptionsList>
	</DialogueNode>

	<DialogueNode>
		<Name>13</Name>
		<Dialogue>
			<Page>(CHERT_START_39) Good luck, lad!</Page>
		</Dialogue>
	</DialogueNode>

	<DialogueNode>
		<Name>14</Name>
		<Dialogue>
			<Page>(CHERT_START_40) Ha-ha.</Page>
		</Dialogue>
	</DialogueNode>

	<DialogueNode>
		<Name>15</Name>
		<EntryCondition>CHERT_START_MET_2</EntryCondition>
		<Dialogue>
			<Page>(CHERT_START_41) So, I'm waiting for all the proofs.</Page>
		</Dialogue>
		<DialogueOptionsList>
			<DialogueOption>
				<RequiredPersistentCondition>CHERT_PHRASE_KNOWN_NEXT_LOOP</RequiredPersistentCondition>
				<Text>(CHERT_START_38) Chert, I know that only you know who is Jumbo marshmallow creator.</Text>				
				<CancelledCondition>CHERT_PHRASE_TOLD</CancelledCondition>				
				<DialogueTarget>16</DialogueTarget>
			</DialogueOption>
			<DialogueOption>
				<RequiredCondition>HOLDING_CORE</RequiredCondition>
				<Text>(CHERT_START_43) Here's the Nomai warp core. They used it to enable the time loop machine.</Text>				
				<CancelledCondition>CHERT_CORE_DONE</CancelledCondition>
				<DialogueTarget>17</DialogueTarget>
			</DialogueOption>
			<DialogueOption>
				<RequiredCondition>HOLDING_DLC_ITEM</RequiredCondition>
				<Text>(CHERT_START_44) Here's the strangers tech.</Text>				
				<CancelledCondition>CHERT_DLC_ITEM_DONE</CancelledCondition>				
				<DialogueTarget>19</DialogueTarget>
			</DialogueOption>
			<DialogueOption>
				<RequiredCondition>HOLDING_JUNK_ITEM</RequiredCondition>
				<Text>(CHERT_START_45) Take a look at this item.</Text>
				<DialogueTarget>19.1</DialogueTarget>
			</DialogueOption>
			<DialogueOption>
				<RequiredCondition>CHERT_ALL_DONE</RequiredCondition>
				<Text>(CHERT_START_46) So, I've done everything you asked for. Let's go home and celebrate?</Text>				
				<DialogueTarget>20</DialogueTarget>
			</DialogueOption>
			<DialogueOption>
				<Text>(CHERT_START_47) I'll be right back.</Text>
				<CancelledCondition>CHERT_ALL_DONE</CancelledCondition>	
			</DialogueOption>
		</DialogueOptionsList>
	</DialogueNode>

	<DialogueNode>
		<Name>19.1</Name>
		<Dialogue>
			<Page>(CHERT_START_48) B-o-o-o-ring. Bring something significant!</Page>
		</Dialogue>
	</DialogueNode>

	<DialogueNode>
		<Name>16</Name>
		<Dialogue>
			<Page>(CHERT_START_49) Wow. This is really the thing that only I knew. Well, not anymore.</Page>
		</Dialogue>
		<DialogueOptionsList>
			<DialogueOption>
			    <ConditionToSet>CHERT_PHRASE_TOLD</ConditionToSet>
				<Text>(CHERT_START_50) Sure! I'll prove everything.</Text>
				<DialogueTarget>15</DialogueTarget>
			</DialogueOption>
		</DialogueOptionsList>
	</DialogueNode>

	<DialogueNode>
		<Name>17</Name>
		<Dialogue>
			<Page>(CHERT_START_51) I... I'm speechless... wait, if it's enabling the time loop and I can't see any wires...</Page>
			<Page>(CHERT_START_52) OH NO! BRING IT BACK! NOW!</Page>
		</Dialogue>
		<DialogueOptionsList>
			<DialogueOption>
			    <ConditionToSet>CHERT_CORE_DONE</ConditionToSet>
				<Text>(CHERT_START_53) Oh, don't be mad Chert. I'll figure it out. Calm down!</Text>
				<DialogueTarget>18</DialogueTarget>
			</DialogueOption>
		</DialogueOptionsList>
	</DialogueNode>


	<DialogueNode>
		<Name>18</Name>
		<Dialogue>
		
			<Page>(CHERT_START_54) Uh... easy to say! Okay, take a deep breath... inhale... exhale...</Page>
		</Dialogue>
		<DialogueOptionsList>
			<DialogueOption>
				<Text>(CHERT_START_55) Anyway...</Text>
				<DialogueTarget>15</DialogueTarget>
			</DialogueOption>
		</DialogueOptionsList>
	</DialogueNode>

	<DialogueNode>
		<Name>19</Name>
		<Dialogue>
			<Page>(CHERT_START_56) What an interesting tech! It seems like the main concept is based on some sort of light or flame, right?</Page>
		</Dialogue>
		<DialogueOptionsList>
			<DialogueOption>
			    <ConditionToSet>CHERT_DLC_ITEM_DONE</ConditionToSet>
				<Text>(CHERT_START_57) Yes. They were all about flames and lights.</Text>
				<DialogueTarget>15</DialogueTarget>
			</DialogueOption>
		</DialogueOptionsList>
	</DialogueNode>

	<DialogueNode>
		<Name>20</Name>
		<EntryCondition>CHERT_ALL_DONE</EntryCondition>
		<SetCondition>CHERT_START_DONE</SetCondition>
		<Dialogue>
			<Page>(CHERT_START_58) Okay... you won. I don't feel like I'm doing something important here, so... we can go celebrate Christmas!</Page>
		</Dialogue>
		<DialogueOptionsList>
			<DialogueOption>
				<RequiredCondition>CHERT_SHIP_NEAR</RequiredCondition>
				<Text>(CHERT_START_59) Yay! Let's go, my ship is nearby.</Text>
				<DialogueTarget>21</DialogueTarget>
			</DialogueOption>

			<DialogueOption>
				<RequiredCondition>CHERT_SHIP_FAR</RequiredCondition>
				<Text>(CHERT_START_60) Wait a sec. I need to bring my ship closer.</Text>
				<DialogueTarget>21</DialogueTarget>
			</DialogueOption>

			<DialogueOption>
				<RequiredCondition>SHIP_DESTROYED</RequiredCondition>
				<Text>(CHERT_START_61) Oh no, my ship is destroyed. Sorry.</Text>
				<DialogueTarget>21</DialogueTarget>
			</DialogueOption>
		</DialogueOptionsList>
	</DialogueNode>

	<DialogueNode>
		<Name>21</Name>
		<SetPersistentCondition>CHERT_START_DONE</SetPersistentCondition>
		<Dialogue>
			<Page>(CHERT_START_62) Oh well, it's alright. I don't really need your ship. Mine is functioning. See ya!</Page>
		</Dialogue>
		<DialogueOptionsList>
			<DialogueOption>
				<Text>(CHERT_START_63) Bon voyage!</Text>
			</DialogueOption>
		</DialogueOptionsList>
	</DialogueNode>

	<DialogueNode>
		<Name>15.1</Name>
		<Dialogue>
			<Page>(CHERT_START_64) Actually... yeah. That's what I was thinking too. Nice guess!</Page>
			<Page>(CHERT_START_65) So, are you serious about all this?</Page>
		</Dialogue>
		<DialogueOptionsList>
			<DialogueOption>
				<Text>(CHERT_START_66) Yes! Let's get down to business.</Text>
				<DialogueTarget>15</DialogueTarget>
				<ConditionToSet>CHERT_START_MET_2</ConditionToSet>
			</DialogueOption>
		</DialogueOptionsList>
	</DialogueNode>
</DialogueTree>