<DialogueTree xmlns:xsi="http://www.w3.org/2001/XMLSchema-instance" xsi:noNamespaceSchemaLocation="https://raw.githubusercontent.com/xen-42/outer-wilds-new-horizons/main/NewHorizons/Schemas/dialogue_schema.xsd">
	<NameField>Chert</NameField>

	<DialogueNode>
		<Name>Start</Name>
		<EntryCondition>DEFAULT</EntryCondition>
		<Dialogue>
			<Page>(CHERT_TREE_1) Hey! I wanted to ask.. how do you cope with all your knowledge?</Page>
		</Dialogue>
		<DialogueOptionsList>
			<DialogueOption>
				<Text>(CHERT_TREE_2) I'm okay, Chert.</Text>
				<DialogueTarget>2</DialogueTarget>
			</DialogueOption>
		</DialogueOptionsList>
	</DialogueNode>

	<DialogueNode>
		<Name>2</Name>
		<Dialogue>
			<Page>(CHERT_TREE_3) I can imagine...</Page>
		</Dialogue>
	</DialogueNode>

	<DialogueNode>
		<Name>Start_Prisoner</Name>
		<EntryCondition>PRISONER_DONE</EntryCondition>
		<Dialogue>
			<Page>(CHERT_TREE_4) Oh, is that how those strangers looked?</Page>
		</Dialogue>
		<DialogueOptionsList>
			<DialogueOption>
				<Text>(CHERT_TREE_5) Yes, exactly.</Text>
				<DialogueTarget>3</DialogueTarget>
			</DialogueOption>
			<DialogueOption>
				<Text>(CHERT_TREE_6) They were a little creepy and had just two eyes!</Text>
				<DialogueTarget>3</DialogueTarget>
			</DialogueOption>
		</DialogueOptionsList>
	</DialogueNode>

	<DialogueNode>
		<Name>3</Name>
		<Dialogue>
			<Page>(CHERT_TREE_7) Yeah, they were very different and a little creepy.</Page>
		</Dialogue>
	</DialogueNode>

</DialogueTree>
