<DialogueTree xmlns:xsi="http://www.w3.org/2001/XMLSchema-instance" xsi:noNamespaceSchemaLocation="https://raw.githubusercontent.com/xen-42/outer-wilds-new-horizons/main/NewHorizons/Schemas/dialogue_schema.xsd">
	<NameField>Ernesto</NameField>

	<DialogueNode>
		<Name>Start</Name>		
		<EntryCondition>DEFAULT</EntryCondition>		
		<Dialogue>
			<Page>(ERNESTO_START_1) ...</Page>			
		</Dialogue>
		<DialogueOptionsList>
			<DialogueOption>			   
				<Text>(ERNESTO_START_2) Oh, Ernesto, you shine so bright!</Text>
				<DialogueTarget>3</DialogueTarget>
			</DialogueOption>			
		</DialogueOptionsList>
	</DialogueNode>	

	<DialogueNode>
		<Name>3</Name>
		<SetPersistentCondition>ERNESTO_DONE</SetPersistentCondition>
		<Dialogue>
			<Page>(ERNESTO_START_1) ...</Page>					
		</Dialogue>
		<DialogueOptionsList>
			<DialogueOption>			   
				<Text>(ERNESTO_START_3) We need your lights to finally start!</Text>				
				<ConditionToSet>START_END_EVENT</ConditionToSet>
			</DialogueOption>			
		</DialogueOptionsList>	
	</DialogueNode>

</DialogueTree>