<DialogueTree xmlns:xsi="http://www.w3.org/2001/XMLSchema-instance" xsi:noNamespaceSchemaLocation="https://raw.githubusercontent.com/xen-42/outer-wilds-new-horizons/main/NewHorizons/Schemas/dialogue_schema.xsd">
	<NameField>Esker</NameField>

	<DialogueNode>
		<Name>Start</Name>
		<EntryCondition>DEFAULT</EntryCondition>
		<Dialogue>
			<Page>(ESKER_SHIP_1) I don't remember the last time I was in a spaceship...</Page>
		</Dialogue>
		<DialogueOptionsList>
			<DialogueOption>
				<RequiredCondition>SHIP_NEAR_VILLAGE</RequiredCondition>
				<Text>(ESKER_SHIP_2) Alright, we're here! Let's go celebrate!</Text>
				<DialogueTarget>2</DialogueTarget>
				<ConditionToSet>ESKER_SHIP_DONE</ConditionToSet>
			</DialogueOption>
			<DialogueOption>
				<Text>(ESKER_SHIP_3) I'll let you know when we land near the village.</Text>
				<ConditionToSet>ESKER_SHIP_MET</ConditionToSet>
			</DialogueOption>
			<DialogueOption>
			<CancelledCondition>ESKER_SHIP_CHAIR</CancelledCondition>
				<Text>(ESKER_SHIP_8) You even took a chair? Really, Esker?</Text>
				<DialogueTarget>4</DialogueTarget>				
			</DialogueOption>
		</DialogueOptionsList>
	</DialogueNode>

	<DialogueNode>		
		<Name>4</Name>
		<SetCondition>ESKER_SHIP_CHAIR</SetCondition>
		<Dialogue>
			<Page>(ESKER_SHIP_9) Yes, you want me to leave it on the moon?</Page>
			<Page>(ESKER_SHIP_10) No way.</Page>
		</Dialogue>
	</DialogueNode>

	<DialogueNode>
		<SetPersistentCondition>ESKER_SHIP_DONE</SetPersistentCondition>
		<Name>2</Name>
		<Dialogue>
			<Page>(ESKER_SHIP_4) Let's go! Merry Christmas!</Page>
		</Dialogue>
	</DialogueNode>


	<DialogueNode>
		<Name>3</Name>
		<EntryCondition>ESKER_SHIP_MET</EntryCondition>
		<Dialogue>
			<Page>(ESKER_SHIP_5) So, the flight is over?</Page>
		</Dialogue>
		<DialogueOptionsList>
			<DialogueOption>
				<RequiredCondition>SHIP_NEAR_VILLAGE</RequiredCondition>
				<Text>(ESKER_SHIP_7) Yes, we're here! Let's go celebrate!</Text>
				<DialogueTarget>2</DialogueTarget>
			</DialogueOption>
			<DialogueOption>
				<Text>(ESKER_SHIP_6) No, but I'll tell you when we're about to land.</Text>
			</DialogueOption>
			<DialogueOption>
			<CancelledCondition>ESKER_SHIP_CHAIR</CancelledCondition>
				<Text>(ESKER_SHIP_8) You even took a chair? Really Esker?</Text>
				<DialogueTarget>4</DialogueTarget>				
			</DialogueOption>
		</DialogueOptionsList>
	</DialogueNode>
</DialogueTree>
