<DialogueTree xmlns:xsi="http://www.w3.org/2001/XMLSchema-instance" xsi:noNamespaceSchemaLocation="https://raw.githubusercontent.com/xen-42/outer-wilds-new-horizons/main/NewHorizons/Schemas/dialogue_schema.xsd">
	<NameField>Esker</NameField>

	<DialogueNode>
		<Name>Start</Name>
		<EntryCondition>DEFAULT</EntryCondition>
		<Dialogue>
			<Page>(ESKER_START_1) Hey-hey! So we are going home, right?</Page>
		</Dialogue>


		<DialogueOptionsList>
			<DialogueOption>
				<Text>(ESKER_START_2) Wait, what? How did you know?</Text>
				<DialogueTarget>2</DialogueTarget>
			</DialogueOption>
		</DialogueOptionsList>
	</DialogueNode>

	<DialogueNode>
		<Name>2</Name>
		<Dialogue>
			<Page>(ESKER_START_3) Well... I use the signalscope a lot. I just heard your dialogue with Slate.</Page>
		</Dialogue>
		<DialogueOptionsList>
			<DialogueOption>
				<Text>(ESKER_START_4) Oh, I see... You scared me sometimes, Esker.</Text>
				<DialogueTarget>7</DialogueTarget>
				<ConditionToSet>ESKER_START_MET</ConditionToSet>
			</DialogueOption>
		</DialogueOptionsList>
	</DialogueNode>


	<DialogueNode>
		<Name>7</Name>
		<EntryCondition>ESKER_START_MET</EntryCondition>
		<Dialogue>
			<Page>(ESKER_START_5) So... what's next? Are we going home?</Page>
		</Dialogue>
		<DialogueOptionsList>
			<DialogueOption>
				<RequiredCondition>ESKER_SHIP_NEAR</RequiredCondition>
				<Text>(ESKER_START_6) Yes! I need you to celebrate Christmas. Let's go! (IF SHIP IS CLOSE ENOUGH AND NOT DESTROYED)</Text>
				<ConditionToSet>ESKER_START_DONE</ConditionToSet>
			</DialogueOption>
			<DialogueOption>
				<RequiredCondition>ESKER_SHIP_FAR</RequiredCondition>
				<Text>(ESKER_START_7) Yes, but don't go anywhere. I need to bring my ship closer. (IF SHIP IS NOT CLOSE ENOUGH)</Text>
				<ConditionToSet>ESKER_START_MET</ConditionToSet>
				<DialogueTarget>4</DialogueTarget>
			</DialogueOption>
			<DialogueOption>
				<RequiredCondition>SHIP_DESTROYED</RequiredCondition>
				<Text>(ESKER_START_8) I'm sorry, Esker, but it seems like my ship is not working anymore. Sorry. (IF SHIP IS DESTROYED)</Text>
				<ConditionToSet>ESKER_START_FAILED</ConditionToSet>
				<DialogueTarget>8</DialogueTarget>
			</DialogueOption>
			<DialogueOption>
				<Text>(ESKER_START_9) Hold on, I need to do something first.</Text>
				<DialogueTarget>9</DialogueTarget>
			</DialogueOption>
		</DialogueOptionsList>
	</DialogueNode>

	<DialogueNode>
		<Name>4</Name>
		<Dialogue>
			<Page>(ESKER_START_10) Alright, I'll wait for you!</Page>
		</Dialogue>
	</DialogueNode>


	<DialogueNode>
		<Name>8</Name>
		<Dialogue>
			<Page>(ESKER_START_11) No celebration then? Sad... We can still sit here with a campfire, you know...</Page>
		</Dialogue>
	</DialogueNode>

	<DialogueNode>
		<Name>9</Name>
		<Dialogue>
			<Page>(ESKER_START_12) Gotcha! I'll wait then.</Page>
		</Dialogue>
	</DialogueNode>
</DialogueTree>