<DialogueTree xmlns:xsi="http://www.w3.org/2001/XMLSchema-instance" xsi:noNamespaceSchemaLocation="https://raw.githubusercontent.com/xen-42/outer-wilds-new-horizons/main/NewHorizons/Schemas/dialogue_schema.xsd">
	<NameField>Feldspar</NameField>

	<DialogueNode>
		<Name>Start</Name>
		<EntryCondition>DEFAULT</EntryCondition>
		<Dialogue>
			<Page>(FELDSPAR_START_1) Hey bud! I'm glad you found me. Can you help me escape from this cursed place?</Page>
		</Dialogue>


		<DialogueOptionsList>
			<DialogueOption>
				<Text>(FELDSPAR_START_2) Why did you leave? It was safe there!</Text>
				<DialogueTarget>2</DialogueTarget>

			</DialogueOption>
			<DialogueOption>
				<RequiredCondition>FELDSPAR_SHIP_NEAR</RequiredCondition>
				<Text>(FELDSPAR_START_3) Sure! Let's go.</Text>
				<ConditionToSet>FELDSPAR_START_DONE</ConditionToSet>
			</DialogueOption>
			<DialogueOption>
				<RequiredCondition>FELDSPAR_SHIP_FAR</RequiredCondition>
				<Text>(FELDSPAR_START_4) Don't go anywhere, I'll bring the ship closer.</Text>
				<ConditionToSet>FELDSPAR_START_MET</ConditionToSet>
				<DialogueTarget>4</DialogueTarget>
			</DialogueOption>
			<DialogueOption>
				<RequiredCondition>SHIP_DESTROYED</RequiredCondition>
				<Text>(FELDSPAR_START_5) I'm so sorry... but the ship is not functioning... we're stuck here.</Text>
				<ConditionToSet>FELDSPAR_START_FAILED</ConditionToSet>
				<DialogueTarget>8</DialogueTarget>
			</DialogueOption>
		</DialogueOptionsList>
	</DialogueNode>

	<DialogueNode>
		<Name>2</Name>
		<Dialogue>
			<Page>(FELDSPAR_START_6) It was boring there. I saw a little anglerfish and thought it could help me fly away from the bramble, so I followed it and... then I got here...</Page>
			<Page>(FELDSPAR_START_7) Pure luck! I was so scared that I wasn't able to move. It seems like anglerfish react only to movement. Ha-ha! Another mystery solved!</Page>
		</Dialogue>
		<DialogueOptionsList>
			<DialogueOption>
				<Text>(FELDSPAR_START_8) Yes! This is pure luck!</Text>
				<DialogueTarget>7</DialogueTarget>
			</DialogueOption>
		</DialogueOptionsList>
	</DialogueNode>


	<DialogueNode>
		<Name>7</Name>
		<EntryCondition>FELDSPAR_START_MET</EntryCondition>
		<Dialogue>
			<Page>(FELDSPAR_START_9) So... can we get out of here?</Page>
		</Dialogue>
		<DialogueOptionsList>
			<DialogueOption>
				<RequiredCondition>FELDSPAR_SHIP_NEAR</RequiredCondition>
				<Text>(FELDSPAR_START_3) Sure! Let's go.</Text>
				<ConditionToSet>FELDSPAR_START_DONE</ConditionToSet>
			</DialogueOption>
			<DialogueOption>
				<RequiredCondition>FELDSPAR_SHIP_FAR</RequiredCondition>
				<Text>(FELDSPAR_START_4) Don't go anywhere, I'll bring the ship closer.</Text>
				<DialogueTarget>4</DialogueTarget>
			</DialogueOption>
			<DialogueOption>
				<RequiredCondition>SHIP_DESTROYED</RequiredCondition>
				<Text>(FELDSPAR_START_5) I'm so sorry... but the ship is not functioning... we're stuck here.</Text>
				<ConditionToSet>FELDSPAR_START_FAILED</ConditionToSet>
				<DialogueTarget>8</DialogueTarget>
			</DialogueOption>
		</DialogueOptionsList>
	</DialogueNode>

	<DialogueNode>
		<Name>4</Name>
		<Dialogue>
			<Page>(FELDSPAR_START_10) Don't go anywhere? Ha-ha.</Page>
		</Dialogue>
	</DialogueNode>


	<DialogueNode>
		<Name>8</Name>
		<EntryCondition>FELDSPAR_START_FAILED</EntryCondition>
		<Dialogue>
			<Page>(FELDSPAR_START_11) Oh boy... what we gonna do?</Page>
		</Dialogue>
	</DialogueNode>
</DialogueTree>