<DialogueTree xmlns:xsi="http://www.w3.org/2001/XMLSchema-instance" xsi:noNamespaceSchemaLocation="https://raw.githubusercontent.com/xen-42/outer-wilds-new-horizons/main/NewHorizons/Schemas/dialogue_schema.xsd">
	<NameField>Feldspar</NameField>

	<DialogueNode>
		<Name>Start</Name>
		<EntryCondition>DEFAULT</EntryCondition>
		<Dialogue>
			<Page>(FELDSPAR_TREE_1) Merry Christmas! I have to admit, I missed the Village.</Page>
		</Dialogue>
		<DialogueOptionsList>
			<DialogueOption>
				<Text>(FELDSPAR_TREE_2) Glad you're here, Feldspar.</Text>
				<DialogueTarget>2</DialogueTarget>
			</DialogueOption>
		</DialogueOptionsList>
	</DialogueNode>

	<DialogueNode>
		<Name>2</Name>
		<Dialogue>
			<Page>(FELDSPAR_TREE_4) Yeah, me too. Space adventures can wait sometimes, you know.</Page>
		</Dialogue>
	</DialogueNode>


	<DialogueNode>
		<Name>Start_PlayerNPC</Name>
		<EntryCondition>PLAYERNPC_DONE</EntryCondition>
		<Dialogue>
			<Page>(FELDSPAR_TREE_5) Who's that? That guy looks EXACTLY like you.</Page>
		</Dialogue>
		<DialogueOptionsList>
			<DialogueOption>
				<Text>(FELDSPAR_TREE_6) Well, this is literally me. From the past.</Text>
				<DialogueTarget>3</DialogueTarget>
			</DialogueOption>
			<DialogueOption>
				<Text>(FELDSPAR_TREE_7) My nephew.</Text>
				<DialogueTarget>4</DialogueTarget>
			</DialogueOption>
			<DialogueOption>
				<Text>(FELDSPAR_TREE_8) Ummm, I don't know, actually.</Text>
				<DialogueTarget>5</DialogueTarget>
			</DialogueOption>
		</DialogueOptionsList>
	</DialogueNode>

	<DialogueNode>
		<Name>3</Name>
		<Dialogue>
			<Page>(FELDSPAR_TREE_9) Ha-ha-ha. Very funny. VERY.</Page>
		</Dialogue>
	</DialogueNode>
	<DialogueNode>
		<Name>4</Name>
		<Dialogue>
			<Page>(FELDSPAR_TREE_10) Really? I never knew that. Hm.</Page>
		</Dialogue>
	</DialogueNode>
	<DialogueNode>
		<Name>5</Name>
		<Dialogue>
			<Page>(FELDSPAR_TREE_11) Okay, but it's weird.</Page>
		</Dialogue>
	</DialogueNode>

</DialogueTree>
