<DialogueTree xmlns:xsi="http://www.w3.org/2001/XMLSchema-instance" xsi:noNamespaceSchemaLocation="https://raw.githubusercontent.com/xen-42/outer-wilds-new-horizons/main/NewHorizons/Schemas/dialogue_schema.xsd">
	<NameField>Gabbro</NameField>

	<DialogueNode>
		<Name>Start</Name>
		<EntryCondition>DEFAULT</EntryCondition>
		<Dialogue>
			<Page>(GABBRO_START_1) Hey, it's you! Congrats on the first launch.</Page>
			<Page>(GABBRO_START_2) I don't know why, but I keep dying repeatedly. Sounds weird, huh?</Page>
		</Dialogue>

		<DialogueOptionsList>
			<DialogueOption>
				<Text>(GABBRO_START_3) Yes, we already had this conversation.</Text>
				<RequiredPersistentCondition>GABBRO_START_PERSISTENT</RequiredPersistentCondition>
				<DialogueTarget>2.3</DialogueTarget>
			</DialogueOption>
			<DialogueOption>
				<CancelledPersistentCondition>GABBRO_START_PERSISTENT</CancelledPersistentCondition>
				<Text>(GABBRO_START_4) Yeah, me too. We're in a time loop. Just you and me.</Text>
				<DialogueTarget>2</DialogueTarget>
			</DialogueOption>
		</DialogueOptionsList>
	</DialogueNode>

	<DialogueNode>
		<Name>2.3</Name>
		<SetCondition>GABBRO_START_MET</SetCondition>
		<Dialogue>
			<Page>(GABBRO_START_5) Oh, yes, I remember. So... something went wrong, right?</Page>
		</Dialogue>
		<DialogueOptionsList>
			<DialogueOption>
				<Text>(GABBRO_START_6) Yes. Let's try again.</Text>
				<DialogueTarget>7</DialogueTarget>
			</DialogueOption>
		</DialogueOptionsList>
	</DialogueNode>

	<DialogueNode>
		<Name>2</Name>
		<Dialogue>
			<Page>(GABBRO_START_7) Ummm... makes sense. Hornfels didn't believe me when I told them I keep dying.</Page>
		</Dialogue>
		<DialogueOptionsList>
			<DialogueOption>
				<Text>(GABBRO_START_8) You seem comfortable here. By the way, we're celebrating Christmas in the Village. Want to join?</Text>
				<DialogueTarget>2.1</DialogueTarget>
			</DialogueOption>
		</DialogueOptionsList>
	</DialogueNode>

	<DialogueNode>
		<Name>2.1</Name>
		<SetPersistentCondition>GABBRO_START_PERSISTENT</SetPersistentCondition>
		<Dialogue>
			<Page>(GABBRO_START_9) M-m-m... I don't know. I feel bored here, to be honest.</Page>
			<Page>(GABBRO_START_10) All this depressing and rainy stuff, you know?</Page>
			<Page>(GABBRO_START_11) But on the other hand... I'm also too bored to fly anywhere or get in your ship.</Page>
			<Page>(GABBRO_START_12) Let's do what, just explode your ship so we can both die and iniciate new loop! I'll be in the ship on loop start and fly to Timber Hearth.</Page>

		</Dialogue>
		<DialogueOptionsList>
			<DialogueOption>
				<Text>(GABBRO_START_13) I never realized you were such a lazy person before.</Text>
				<DialogueTarget>2.2</DialogueTarget>
			</DialogueOption>
		</DialogueOptionsList>
	</DialogueNode>

	<DialogueNode>
		<Name>2.2</Name>
		<SetCondition>GABBRO_START_MET</SetCondition>
		<Dialogue>
			<Page>(GABBRO_START_14) Haha yep! That's me.</Page>
		</Dialogue>
	</DialogueNode>


	<DialogueNode>
		<Name>7</Name>
		<EntryCondition>GABBRO_START_MET</EntryCondition>
		<Dialogue>
			<Page>(GABBRO_START_15) So... I'm wating for ship explosion so I we can die and start new loop.</Page>
		</Dialogue>
		<DialogueOptionsList>
			<DialogueOption>
				<RequiredCondition>SHIP_DESTROYED</RequiredCondition>
				<Text>(GABBRO_START_16) Um. The thing is... my ship is destroyed already.</Text>
				<DialogueTarget>9.1</DialogueTarget>
			</DialogueOption>
			<DialogueOption>
				<CancelledCondition>SHIP_DESTROYED</CancelledCondition>
				<Text>(GABBRO_START_17) Sure. I'm working on it.</Text>
				<DialogueTarget>9</DialogueTarget>
			</DialogueOption>

		</DialogueOptionsList>
	</DialogueNode>
	<DialogueNode>
		<Name>9.1</Name>
		<Dialogue>
			<Page>(GABBRO_START_18) No luck then. Try not to screw this up next loop!</Page>
			<ConditionToSet>GABBRO_START_FAILED</ConditionToSet>
		</Dialogue>
	</DialogueNode>
	<DialogueNode>
		<Name>9</Name>
		<Dialogue>
			<Page>(GABBRO_START_19) Got it! I'll be here.</Page>
		</Dialogue>
	</DialogueNode>
</DialogueTree>