<DialogueTree xmlns:xsi="http://www.w3.org/2001/XMLSchema-instance" xsi:noNamespaceSchemaLocation="https://raw.githubusercontent.com/xen-42/outer-wilds-new-horizons/main/NewHorizons/Schemas/dialogue_schema.xsd">
	<NameField>Chert</NameField>

	<DialogueNode>
		<Name>Start</Name>
		<EntryCondition>DEFAULT</EntryCondition>
		<Dialogue>
			<Page>(GABBRO_TREE_1) Hey! That was a really huge explosion! Are you alright?</Page>
		</Dialogue>
		<DialogueOptionsList>
			<DialogueOption>
				<Text>(GABBRO_TREE_2) I'm alright, Gabbro.</Text>
				<DialogueTarget>2</DialogueTarget>
			</DialogueOption>
			<DialogueOption>
				<Text>(GABBRO_TREE_3) Meh. I could have just brought you here without dying.</Text>
				<DialogueTarget>3</DialogueTarget>
			</DialogueOption>
		</DialogueOptionsList>
	</DialogueNode>

	<DialogueNode>
	<SetCondition>GABBRO_TREE_START_2</SetCondition>
		<Name>2</Name>
		<Dialogue>
			<Page>(GABBRO_TREE_4) Good! I already miss my hammock.</Page>
		</Dialogue>
	</DialogueNode>

	<DialogueNode>	
		<EntryCondition>GABBRO_TREE_START_2</EntryCondition>
		<Dialogue>
			<Page>(GABBRO_TREE_5) Yes?</Page>
		</Dialogue>
		<DialogueOptionsList>
			<DialogueOption>
                <CancelledPersistentCondition>GABBRO_TREE_QUESTION</CancelledPersistentCondition>
				<Text>(GABBRO_TREE_6) Don't you have a strange feeling about this place?</Text>
				<DialogueTarget>4</DialogueTarget>
			</DialogueOption>
			<DialogueOption>
				<Text>(GABBRO_TREE_7) Nothing.</Text>
				<DialogueTarget>5</DialogueTarget>
			</DialogueOption>
		</DialogueOptionsList>
	</DialogueNode>

	<DialogueNode>
	<SetPersistentCondition>GABBRO_TREE_QUESTION</SetPersistentCondition>
		<Name>4</Name>
		<Dialogue>
			<Page>(GABBRO_TREE_8) You feel that too? Seems like the time loop is shifting for everyone near the tree... Maybe it's because of Nomai wires under it.</Page>
			<Page>(GABBRO_TREE_9) That's just my guess.</Page>
		</Dialogue>
	</DialogueNode>

	<DialogueNode>	
		<Name>5</Name>
		<Dialogue>
			<Page>(GABBRO_TREE_10) See ya!</Page>			
		</Dialogue>
	</DialogueNode>



	<DialogueNode>
	<SetCondition>GABBRO_TREE_START_2</SetCondition>
		<Name>3</Name>
		<Dialogue>
			<Page>(GABBRO_TREE_11) Don't be snobby, it was fun at least!</Page>
		</Dialogue>
	</DialogueNode>
</DialogueTree>
