<DialogueTree xmlns:xsi="http://www.w3.org/2001/XMLSchema-instance" xsi:noNamespaceSchemaLocation="https://raw.githubusercontent.com/xen-42/outer-wilds-new-horizons/main/NewHorizons/Schemas/dialogue_schema.xsd">
	<NameField>Hal</NameField>

	<DialogueNode>
		<Name>Start</Name>		
		<EntryCondition>DEFAULT</EntryCondition>		
		<Dialogue>
			<Page>(HAL_START_1) Hey! Are you feeling nervous about the first launch? I know that feeling! I'm nervous about it too!</Page>
			<Page>(HAL_START_2) You'll be the first astronaut with a Nomai translator. I'm so excited about this!</Page>		
		</Dialogue>
		<DialogueOptionsList>
		    <DialogueOption>
			    <RequiredPersistentCondition>HAL_ROCK_TOLD</RequiredPersistentCondition> 		   
				<Text>(HAL_START_3) Hal, can you write a custom Nomai text for me?</Text>
				<DialogueTarget>5</DialogueTarget>				
			</DialogueOption>			
			<DialogueOption>			   
				<Text>(HAL_START_4) I think I'm good, Hal. I gotta go.</Text>
				<DialogueTarget>2</DialogueTarget>
				<ConditionToSet>HAL_START_DONE</ConditionToSet>
			</DialogueOption>
			<DialogueOption>
				<CancelledPersistentCondition>HAL_ROCK_TOLD</CancelledPersistentCondition>		   
				<Text>(HAL_START_5) What are you doing with this rock?</Text>
				<DialogueTarget>3</DialogueTarget>				
			</DialogueOption>			
		</DialogueOptionsList>
	</DialogueNode>

	<DialogueNode>
		<Name>2</Name>
		<Dialogue>
			<Page>(HAL_START_6) That's what I'm talking about! Good luck in space!</Page>					
		</Dialogue>		
	</DialogueNode>

	<DialogueNode>
		<Name>3</Name>
		<SetCondition>HAL_ROCK_TOLD</SetCondition>		
		<SetPersistentCondition>HAL_ROCK_TOLD</SetPersistentCondition>
		<Dialogue>
			<Page>(HAL_START_7) I'm just practicing writing in Nomai. Since I made a Nomai translator, I should be able to write in their language.</Page>
			<Page>(HAL_START_8) I actually don't know what their language is called. Whatever... no one could read it anyway.</Page>					
		</Dialogue>
		<DialogueOptionsList>
			<DialogueOption>			   
				<Text>(HAL_START_9) True. Good luck with it.</Text>
				<DialogueTarget>4</DialogueTarget>
			</DialogueOption>				
		</DialogueOptionsList>
	</DialogueNode>

	<DialogueNode>
		<Name>5</Name>
		<Dialogue>
			<Page>(HAL_START_10) Sure! As you can see, I'm already practicing. So, is this for translator testing, right?</Page>								
		</Dialogue>
		<DialogueOptionsList>
			<DialogueOption>			   
				<Text>(HAL_START_11) Of course. Please write: \"Dear Solanum, I'm inviting you to the Village to celebrate Christmas!\"</Text>
				<DialogueTarget>6</DialogueTarget>				
			</DialogueOption>				
		</DialogueOptionsList>
	</DialogueNode>

	<DialogueNode>
		<Name>6</Name>
		<SetCondition>HAL_ROCK_DONE</SetCondition>
		<Dialogue>
			<Page>(HAL_START_12) That's a very specific text. Are we celebrating something? Ah, actually nevermind.</Page>
			<Page>(HAL_START_13) Let's see if I can do this...</Page>								
		</Dialogue>		
	</DialogueNode>

	<DialogueNode>
		<Name>4</Name>
		<SetCondition>HAL_START_DONE</SetCondition>
		<EntryCondition>HAL_START_DONE</EntryCondition>
		<Dialogue>
			<Page>(HAL_START_14) Good luck in space, friend!</Page>						
		</Dialogue>
		<DialogueOptionsList>
	    <DialogueOption>
			<CancelledPersistentCondition>HAL_ROCK_TOLD</CancelledPersistentCondition>		   
			<Text>(HAL_START_5) What are you doing with this rock?</Text>
			<DialogueTarget>3</DialogueTarget>				
	    </DialogueOption>		
		</DialogueOptionsList>	
	</DialogueNode>
</DialogueTree>