<DialogueTree xmlns:xsi="http://www.w3.org/2001/XMLSchema-instance" xsi:noNamespaceSchemaLocation="https://raw.githubusercontent.com/xen-42/outer-wilds-new-horizons/main/NewHorizons/Schemas/dialogue_schema.xsd">
	<NameField>Hornfels</NameField>

	<DialogueNode>
		<Name>Start</Name>		
		<EntryCondition>DEFAULT</EntryCondition>		
		<Dialogue>
			<Page>(HORNFELS_FINAL_1) What a beautiful tree! And everyone is here!</Page>
			<Page>(HORNFELS_FINAL_2) Thank you for such a surprise, thank you a lot.</Page>			
		</Dialogue>
		<DialogueOptionsList>
			<DialogueOption>			   
				<Text>(HORNFELS_FINAL_3) I'm glad all our friends are here.</Text>
				<DialogueTarget>2</DialogueTarget>
				<ConditionToSet>HORNFELS_FINAL_DONE</ConditionToSet>
			</DialogueOption>
			<DialogueOption>				
				<Text>(HORNFELS_FINAL_4) So what's next?</Text>
				<DialogueTarget>3</DialogueTarget>
				<ConditionToSet>HORNFELS_FINAL_DONE</ConditionToSet>
			</DialogueOption>			
		</DialogueOptionsList>
	</DialogueNode>

	<DialogueNode>
		<Name>2</Name>
		<Dialogue>
			<Page>(HORNFELS_FINAL_5) Yes, I don't remember the last time we had such a gathering. All together.</Page>						
		</Dialogue>
		<DialogueOptionsList>			
			<DialogueOption>				
				<Text>(HORNFELS_FINAL_6) So what's next?</Text>
				<DialogueTarget>3</DialogueTarget>
				<ConditionToSet>HORNFELS_FINAL_DONE</ConditionToSet>
			</DialogueOption>		
		</DialogueOptionsList>
	</DialogueNode>

	<DialogueNode>
		<Name>3</Name>		
		<SetPersistentCondition>HORNFELS_FISH_TOLD</SetPersistentCondition>
		<Dialogue>
			<Page>(HORNFELS_FINAL_7) The lights are very nice, but I think we are missing the main detail on the top.</Page>
			<Page>(HORNFELS_FINAL_8) We need something bright and shiny to put on the top of the tree.</Page>
			<Page>(HORNFELS_FINAL_9) Can you bring something like that from the observatory?</Page>						
		</Dialogue>
		<DialogueOptionsList>			
			<DialogueOption>				
				<Text>(HORNFELS_FINAL_10) Sure, I'm on my way.</Text>
				<DialogueTarget>END</DialogueTarget>				
			</DialogueOption>		
		</DialogueOptionsList>
	</DialogueNode>

	<DialogueNode>
		<Name>3.1</Name>
		<Dialogue>			
			<Page>(HORNFELS_FINAL_11) We need something bright and shiny to put in on the top of the tree. Bring something like that from observatory.</Page>									
		</Dialogue>
		<DialogueOptionsList>			
			<DialogueOption>				
				<Text>(HORNFELS_FINAL_10) Sure, I'm on my way.</Text>
				<DialogueTarget>END2</DialogueTarget>				
			</DialogueOption>		
		</DialogueOptionsList>
	</DialogueNode>
	
	<DialogueNode>
		<Name>END</Name>
		<Dialogue>
			<Page>(HORNFELS_FINAL_13) Thanks.</Page>						
		</Dialogue>		
	</DialogueNode>

	<DialogueNode>
		<Name>END2</Name>
		<Dialogue>			
			<Page>(HORNFELS_FINAL_14) I'll be here.</Page>						
		</Dialogue>		
	</DialogueNode>

	<DialogueNode>
		<Name>END3</Name>
		<Dialogue>
		    <Page>(HORNFELS_FINAL_15) It should be something in the observatory.</Page>			
			<Page>(HORNFELS_FINAL_14) I'll be here.</Page>						
		</Dialogue>		
	</DialogueNode>

	<DialogueNode>
		<Name>4</Name>		
		<EntryCondition>HORNFELS_FINAL_DONE</EntryCondition>		
		<Dialogue>			
			<Page>(HORNFELS_FINAL_17) So, did you find something?</Page>				
		</Dialogue>
		<DialogueOptionsList>
		    <DialogueOption>
				<RequiredPersistentCondition>ERNESTO_DONE</RequiredPersistentCondition>	    	
				<Text>(HORNFELS_FINAL_18) Yes, take a look at the top!</Text>
				<DialogueTarget>5</DialogueTarget>				
			</DialogueOption>
			<DialogueOption>			    	
				<Text>(HORNFELS_FINAL_19) What exactly do we need?</Text>
				<DialogueTarget>3.1</DialogueTarget>				
			</DialogueOption>
			<DialogueOption>				
				<Text>(HORNFELS_FINAL_20) Nope, not yet.</Text>
				<DialogueTarget>END3</DialogueTarget>
			</DialogueOption>
		</DialogueOptionsList>
	</DialogueNode>

	<DialogueNode>
		<Name>5</Name>
		<Dialogue>			
			<Page>(HORNFELS_FINAL_21) Woah! That's exactly what we needed.</Page>
			<Page>(HORNFELS_FINAL_22) So, are we ready to celebrate?</Page>				
		</Dialogue>
		<DialogueOptionsList>
		    <DialogueOption>				 	
				<Text>(HORNFELS_FINAL_23) Yes, I am ready.</Text>
				<DialogueTarget>6</DialogueTarget>							
			</DialogueOption>
			<DialogueOption>
				<Text>(HORNFELS_FINAL_24) Not yet. Please, give me a minute.</Text>
				<DialogueTarget>END2</DialogueTarget>			
			</DialogueOption>			
		</DialogueOptionsList>
	</DialogueNode>

	<DialogueNode>
		<Name>6</Name>
		<SetCondition>START_END_EVENT</SetCondition>
		<Dialogue>			
			<Page>(HORNFELS_FINAL_25) Alright. Merry Christmas then!</Page>
			<Page>(HORNFELS_FINAL_26) Thank you for everything you've done, friend.</Page>				
		</Dialogue>		
	</DialogueNode>
</DialogueTree>