<DialogueTree xmlns:xsi="http://www.w3.org/2001/XMLSchema-instance" xsi:noNamespaceSchemaLocation="https://raw.githubusercontent.com/xen-42/outer-wilds-new-horizons/main/NewHorizons/Schemas/dialogue_schema.xsd">
	<NameField>Marl</NameField>

	<DialogueNode>
		<Name>Start</Name>		
		<EntryCondition>DEFAULT</EntryCondition>		
		<Dialogue>
			<Page>(MARL_FINAL_1) No way! Everyone is here, whoa. Thank you for bringing them back!</Page>			
		</Dialogue>
		<DialogueOptionsList>
			<DialogueOption>			   
				<Text>(MARL_FINAL_2) Sure! That was fun.</Text>
				<DialogueTarget>2</DialogueTarget>
				<ConditionToSet>MARL_FINAL_DONE</ConditionToSet>
			</DialogueOption>			
		</DialogueOptionsList>
	</DialogueNode>

	<DialogueNode>
		<Name>2</Name>
		<Dialogue>
			<Page>(MARL_FINAL_3) I can imagine. Let's ask Hornfels what we're doing next.</Page>					
		</Dialogue>		
	</DialogueNode>

	<DialogueNode>
		<Name>4</Name>		
		<EntryCondition>MARL_FINAL_DONE</EntryCondition>		
		<Dialogue>
			<Page>(MARL_FINAL_4) As I said, you better ask Hornfels.</Page>						
		</Dialogue>		
	</DialogueNode>
</DialogueTree>