<DialogueTree xmlns:xsi="http://www.w3.org/2001/XMLSchema-instance" xsi:noNamespaceSchemaLocation="https://raw.githubusercontent.com/xen-42/outer-wilds-new-horizons/main/NewHorizons/Schemas/dialogue_schema.xsd">
	<NameField>Marl</NameField>

	<DialogueNode>
		<Name>Start</Name>		
		<EntryCondition>DEFAULT</EntryCondition>		
		<Dialogue>
			<Page>(MARL_START_1) Hey! You see that tree? It's my job. Impressive, huh?</Page>			
		</Dialogue>
		<DialogueOptionsList>
			<DialogueOption>			   
				<Text>(MARL_START_2) Yes, this tree is very impressive.</Text>
				<DialogueTarget>2</DialogueTarget>
				<ConditionToSet>MARL_START_DONE</ConditionToSet>
			</DialogueOption>			
		</DialogueOptionsList>
	</DialogueNode>

	<DialogueNode>
		<Name>2</Name>
		<Dialogue>
			<Page>(MARL_START_3) That's what I'm talking about! Good luck in space!</Page>					
		</Dialogue>		
	</DialogueNode>

	<DialogueNode>
		<Name>4</Name>		
		<EntryCondition>MARL_START_DONE</EntryCondition>		
		<Dialogue>
			<Page>(MARL_START_4) Good luck on your flight. We're waiting for your mission to be completed.</Page>						
		</Dialogue>
		<DialogueOptionsList>
			<DialogueOption>
			<RequiredPersistentCondition>TEKTITE_QUEST_START</RequiredPersistentCondition>			   
				<Text>(MARL_START_5) Marl, Tektite is asking for your help. There's a bramble seed on Timber Hearth and it's gro..</Text>
				<DialogueTarget>3</DialogueTarget>
				<ConditionToSet>TEKTITE_ASK_MARL</ConditionToSet>
			</DialogueOption>			
		</DialogueOptionsList>		
	</DialogueNode>

	<DialogueNode>
		<Name>2</Name>
		<SetPersistentCondition></SetPersistentCondition>
		<SetCondition></SetCondition>
		<Dialogue>
			<Page>(MARL_START_6) GROWING FAST?!</Page>
			<Page>(MARL_START_7) We need to cut down this bush as soon as possible! I'm going to Tektite!</Page>					
		</Dialogue>		
	</DialogueNode>


</DialogueTree>