<DialogueTree xmlns:xsi="http://www.w3.org/2001/XMLSchema-instance" xsi:noNamespaceSchemaLocation="https://raw.githubusercontent.com/xen-42/outer-wilds-new-horizons/main/NewHorizons/Schemas/dialogue_schema.xsd">
	<NameField>Self</NameField>

	<DialogueNode>
		<Name>Start</Name>
		<EntryCondition>DEFAULT</EntryCondition>
		<Dialogue>
			<Page>(NPC_PLAYER_START_1)..Whoa?</Page>
		</Dialogue>


		<DialogueOptionsList>
			<DialogueOption>
				<Text>(NPC_PLAYER_START_2) May I invite you to...</Text>
				<DialogueTarget>2</DialogueTarget>
			</DialogueOption>
		</DialogueOptionsList>
	</DialogueNode>

	<DialogueNode>
		<Name>2</Name>
		<Dialogue>
			<Page>(NPC_PLAYER_START_3) You?!</Page>
			<Page>(NPC_PLAYER_START_4) Me?! You mean invite yourself?</Page>
			<Page>(NPC_PLAYER_START_5) You mean invite yourself?</Page>
			<Page>(NPC_PLAYER_START_6) To the Christmas party, huh?</Page>
			<Page>(NPC_PLAYER_START_7) I have the same memories as you, except for this loop, you know.</Page>
		</Dialogue>
		<DialogueOptionsList>
			<DialogueOption>
				<Text>(NPC_PLAYER_START_8) I just had an idea. It's crazy but .. why not?</Text>
				<DialogueTarget>7</DialogueTarget>
			</DialogueOption>
		</DialogueOptionsList>
	</DialogueNode>


	<DialogueNode>
		<Name>7</Name>
		<EntryCondition>NPC_PLAYER_START_MET</EntryCondition>
		<Dialogue>
			<Page>(NPC_PLAYER_START_9) ...Okay.. I guess.. are we going home?</Page>
		</Dialogue>
		<DialogueOptionsList>
			<DialogueOption>
				<RequiredCondition>NPC_PLAYER_SHIP_NEAR</RequiredCondition>
				<Text>(NPC_PLAYER_START_10) Let's get into the ship then.</Text>
				<ConditionToSet>NPC_PLAYER_START_DONE</ConditionToSet>
				<DialogueTarget>5</DialogueTarget>
			</DialogueOption>
			<DialogueOption>
				<RequiredCondition>NPC_PLAYER_SHIP_FAR</RequiredCondition>
				<Text>(NPC_PLAYER_START_11) Just don't go anywhere, I'll take my ship closer.</Text>
				<ConditionToSet>NPC_PLAYER_START_MET</ConditionToSet>
				<DialogueTarget>4</DialogueTarget>
			</DialogueOption>
			<DialogueOption>
				<RequiredCondition>SHIP_DESTROYED</RequiredCondition>
				<Text>(NPC_PLAYER_START_12) I'm so sorry... but my ship is not functioning... Unfortunately, I can't help.</Text>
				<ConditionToSet>NPC_PLAYER_START_FAILED</ConditionToSet>
				<DialogueTarget>8</DialogueTarget>
			</DialogueOption>
			<DialogueOption>
				<Text>(NPC_PLAYER_START_13) I'll be right back.</Text>
			</DialogueOption>

		</DialogueOptionsList>
	</DialogueNode>

	<DialogueNode>
		<Name>4</Name>
		<Dialogue>
			<Page>(NPC_PLAYER_START_14) See ya!</Page>
		</Dialogue>
	</DialogueNode>

	<DialogueNode>
		<Name>5</Name>
		<SetCondition>NPC_PLAYER_START_DONE</SetCondition>
		<Dialogue>
			<Page>(NPC_PLAYER_START_15) Cool, I'll wait you in my..</Page>
			<Page>(NPC_PLAYER_START_16) ..your ship.</Page>
		</Dialogue>
	</DialogueNode>


	<DialogueNode>
		<Name>8</Name>
		<EntryCondition>NPC_PLAYER_START_FAILED</EntryCondition>
		<Dialogue>
			<Page>(NPC_PLAYER_START_17) I was wondering which version of us was better...</Page>
			<Page>(NPC_PLAYER_START_18) Now I know! I'm definitely a better pilot than you!</Page>

		</Dialogue>
	</DialogueNode>
</DialogueTree>