<DialogueTree xmlns:xsi="http://www.w3.org/2001/XMLSchema-instance" xsi:noNamespaceSchemaLocation="https://raw.githubusercontent.com/xen-42/outer-wilds-new-horizons/main/NewHorizons/Schemas/dialogue_schema.xsd">
	<NameField>Self</NameField>

	<DialogueNode>
		<Name>Start</Name>
		<EntryCondition>DEFAULT</EntryCondition>
		<Dialogue>
			<Page>(NPC_PLAYER_SHIP_1) Let me see you drive. Are you better at it or not?</Page>
		</Dialogue>
		<DialogueOptionsList>
			<DialogueOption>
				<RequiredCondition>SHIP_NEAR_VILLAGE</RequiredCondition>
				<Text>(NPC_PLAYER_SHIP_2) Oh, we're at home already.</Text>
				<DialogueTarget>2</DialogueTarget>
			</DialogueOption>
			<DialogueOption>
				<Text>(NPC_PLAYER_SHIP_3) We'll go home soon. Just wait a bit.</Text>
				<ConditionToSet>NPC_PLAYER_SHIP_MET</ConditionToSet>
			</DialogueOption>
		</DialogueOptionsList>
	</DialogueNode>

	<DialogueNode>
		<Name>2</Name>
		<Dialogue>
			<Page>(NPC_PLAYER_SHIP_4) Oh, that was fast!</Page>
		</Dialogue>
		<SetPersistentCondition>NPC_PLAYER_SHIP_DONE</SetPersistentCondition>
	</DialogueNode>


	<DialogueNode>
		<Name>3</Name>
		<EntryCondition>NPC_PLAYER_SHIP_MET</EntryCondition>
		<Dialogue>
			<Page>(NPC_PLAYER_SHIP_5) So, are you the best at driving?</Page>
		</Dialogue>
		<DialogueOptionsList>
			<DialogueOption>
				<Text>(NPC_PLAYER_SHIP_3) We'll go home soon. Just wait a bit.</Text>
			</DialogueOption>
			<DialogueOption>
				<RequiredCondition>SHIP_NEAR_VILLAGE</RequiredCondition>
				<Text>(NPC_PLAYER_SHIP_2) Oh, we're at home already.</Text>
				<DialogueTarget>2</DialogueTarget>
				<RequiredCondition>NPC_PLAYER_SHIP_DONE</RequiredCondition>
			</DialogueOption>
		</DialogueOptionsList>
	</DialogueNode>
</DialogueTree>
