<DialogueTree xmlns:xsi="http://www.w3.org/2001/XMLSchema-instance" xsi:noNamespaceSchemaLocation="https://raw.githubusercontent.com/xen-42/outer-wilds-new-horizons/main/NewHorizons/Schemas/dialogue_schema.xsd">
	<NameField>Riebeck</NameField>

	<DialogueNode>
		<Name>Start</Name>
		<EntryCondition>DEFAULT</EntryCondition>
		<Dialogue>
			<Page>(RIEBECK_START_1) Oh, hello! Are you here to help?</Page>
		</Dialogue>
		<DialogueOptionsList>
			<DialogueOption>
				<Text>(RIEBECK_START_2) Just... how? I mean... how did you get here?</Text>
				<DialogueTarget>2</DialogueTarget>
			</DialogueOption>
			<DialogueOption>
				<RequiredCondition>RIEBECK_SHIP_NEAR</RequiredCondition>
				<Text>(RIEBECK_START_3) Yep, my ship should be nearby. Let's get in.</Text>
				<ConditionToSet>RIEBECK_START_DONE</ConditionToSet>
			</DialogueOption>
			<DialogueOption>
				<RequiredCondition>RIEBECK_SHIP_FAR</RequiredCondition>
				<Text>(RIEBECK_START_4) Hold on, I'll bring the ship a little closer.</Text>
				<ConditionToSet>RIEBECK_START_MET</ConditionToSet>
				<DialogueTarget>4</DialogueTarget>
			</DialogueOption>
			<DialogueOption>
				<RequiredCondition>SHIP_DESTROYED</RequiredCondition>
				<Text>(RIEBECK_START_5) I'm so sorry... but ship is not functioning... Unfortunately I can't help.</Text>
				<ConditionToSet>RIEBECK_START_FAILED</ConditionToSet>
				<DialogueTarget>8</DialogueTarget>
			</DialogueOption>
		</DialogueOptionsList>
	</DialogueNode>

	<DialogueNode>
		<Name>2</Name>
		<Dialogue>
			<Page>(RIEBECK_START_6) Well, I'd like to see how you'd react if a piece of the planet fell right behind you!</Page>
			<Page>(RIEBECK_START_7) I had no time to react, so I took all the gravity crystals I have and found a safe place. Logically, from this side, I will not fall DOWN.</Page>
			<Page>(RIEBECK_START_8) You got it? Ha-ha!.</Page>
		</Dialogue>
		<DialogueOptionsList>
			<DialogueOption>
				<Text>(RIEBECK_START_9) I got you, Riebeck. Glad to see you're alive and... safe. Kind of.</Text>
				<DialogueTarget>7</DialogueTarget>
			</DialogueOption>
		</DialogueOptionsList>
	</DialogueNode>


	<DialogueNode>
		<Name>7</Name>
		<EntryCondition>RIEBECK_START_MET</EntryCondition>
		<Dialogue>
			<Page>(RIEBECK_START_10) So... can you help me then?</Page>
		</Dialogue>
		<DialogueOptionsList>
			<DialogueOption>
				<RequiredCondition>RIEBECK_SHIP_NEAR</RequiredCondition>
				<Text>(RIEBECK_START_3) Yep, my ship should be nearby. Let's get in.</Text>
				<ConditionToSet>RIEBECK_START_DONE</ConditionToSet>
			</DialogueOption>
			<DialogueOption>
				<RequiredCondition>RIEBECK_SHIP_FAR</RequiredCondition>
				<Text>(RIEBECK_START_4) Hold on, I'll bring the ship a little closer.</Text>
				<ConditionToSet>RIEBECK_START_MET</ConditionToSet>
				<DialogueTarget>4</DialogueTarget>
			</DialogueOption>
			<DialogueOption>
				<RequiredCondition>SHIP_DESTROYED</RequiredCondition>
				<Text>(RIEBECK_START_5) I'm so sorry... but ship is not functioning... Unfortunately I can't help.</Text>
				<ConditionToSet>RIEBECK_START_FAILED</ConditionToSet>
				<DialogueTarget>8</DialogueTarget>
			</DialogueOption>
		</DialogueOptionsList>
	</DialogueNode>

	<DialogueNode>
		<Name>4</Name>
		<Dialogue>
			<Page>(RIEBECK_START_11) Of course! Just be careful here.</Page>
		</Dialogue>
	</DialogueNode>


	<DialogueNode>
		<Name>8</Name>
		<EntryCondition>RIEBECK_START_FAILED</EntryCondition>
		<Dialogue>
			<Page>(RIEBECK_START_12) Oh, that's really bad... I guess I'll just stay here for a while then...</Page>
		</Dialogue>
	</DialogueNode>
</DialogueTree>