<DialogueTree xmlns:xsi="http://www.w3.org/2001/XMLSchema-instance" xsi:noNamespaceSchemaLocation="https://raw.githubusercontent.com/xen-42/outer-wilds-new-horizons/main/NewHorizons/Schemas/dialogue_schema.xsd">
	<NameField>Riebeck</NameField>

	<DialogueNode>
		<Name>Start</Name>
		<EntryCondition>DEFAULT</EntryCondition>
		<Dialogue>
			<Page>(RIEBECK_TREE_1) Merry Christmas! We're finally home.</Page>
		</Dialogue>
		<DialogueOptionsList>
			<DialogueOption>
				<Text>(RIEBECK_TREE_2) We missed you!</Text>
				<DialogueTarget>2</DialogueTarget>
			</DialogueOption>
		</DialogueOptionsList>
	</DialogueNode>

	<DialogueNode>
		<Name>2</Name>
		<Dialogue>
			<Page>(RIEBECK_TREE_3) Wow, I really like the decorations on this tree... and the barrel.</Page>		
		</Dialogue>
	</DialogueNode>


	<DialogueNode>
		<Name>Start_Solanum</Name>
		<EntryCondition>SOLANUM_DONE</EntryCondition>
		<Dialogue>
			<Page>(RIEBECK_TREE_4) WAIT, IS THAT A REAL NOMAI??</Page>
		</Dialogue>
		<DialogueOptionsList>
			<DialogueOption>
				<Text>(RIEBECK_TREE_5) Yes, her name is Solanum. She's from the Quantum Moon.</Text>
				<DialogueTarget>3</DialogueTarget>
			</DialogueOption>
			<DialogueOption>
				<Text>(RIEBECK_TREE_6) Ha-ha! It's just a costume, right? Nomai are all extinct, remember?</Text>
				<DialogueTarget>4</DialogueTarget>
			</DialogueOption>
		</DialogueOptionsList>
	</DialogueNode>

	<DialogueNode>
		<Name>3</Name>
		<Dialogue>
			<Page>(RIEBECK_TREE_7) WOAH! A fantastic living Nomai from the Quantum Moon! COOL!</Page>
		</Dialogue>
	</DialogueNode>
	<DialogueNode>
		<Name>4</Name>
		<Dialogue>
			<Page>(RIEBECK_TREE_8) This is a really good costume, I would say! But yeah, you're right...</Page>
		</Dialogue>
	</DialogueNode>

</DialogueTree>
