<DialogueTree xmlns:xsi="http://www.w3.org/2001/XMLSchema-instance" xsi:noNamespaceSchemaLocation="https://raw.githubusercontent.com/xen-42/outer-wilds-new-horizons/main/NewHorizons/Schemas/dialogue_schema.xsd">
	<NameField>Slate</NameField>

	<DialogueNode>
		<Name>Start</Name>		
		<EntryCondition>DEFAULT</EntryCondition>		
		<Dialogue>
			<Page>(SLATE_FINAL_1) You did very well, hatchling!</Page>
			<Page>(SLATE_FINAL_2) All the travellers are back, and I can already feel the magical Christmas spirit!</Page>			
		</Dialogue>
		<DialogueOptionsList>
			<DialogueOption>			   
				<Text>(SLATE_FINAL_3) I'm glad all our friends are here.</Text>
				<DialogueTarget>2</DialogueTarget>
				<ConditionToSet>SLATE_FINAL_DONE</ConditionToSet>
			</DialogueOption>
			<DialogueOption>				
				<Text>(SLATE_FINAL_4) What should I do next?</Text>
				<DialogueTarget>3</DialogueTarget>
			</DialogueOption>			
		</DialogueOptionsList>
	</DialogueNode>	

	<DialogueNode>
		<Name>2</Name>
		<Dialogue>
			<Page>(SLATE_FINAL_5) Sure! This probably wouldn't have happened without your help.</Page>						
		</Dialogue>
		<DialogueOptionsList>			
			<DialogueOption>				
				<Text>(SLATE_FINAL_4) What do I do next?</Text>
				<DialogueTarget>3</DialogueTarget>
				<ConditionToSet>SLATE_FINAL_DONE</ConditionToSet>
			</DialogueOption>		
		</DialogueOptionsList>
	</DialogueNode>

	<DialogueNode>
		<Name>3</Name>
		<Dialogue>
			<Page>(SLATE_FINAL_6) You should ask Hornfels, but I'm pretty sure we're almost ready.</Page>						
		</Dialogue>
		<DialogueOptionsList>			
			<DialogueOption>				
				<Text>(SLATE_FINAL_7) Alright.</Text>
				<DialogueTarget>END</DialogueTarget>				
			</DialogueOption>		
		</DialogueOptionsList>
	</DialogueNode>
	
	<DialogueNode>
		<Name>END</Name>
		<Dialogue>
			<Page>(SLATE_FINAL_8) See ya!</Page>						
		</Dialogue>		
	</DialogueNode>

	<DialogueNode>
		<Name>4</Name>		
		<EntryCondition>SLATE_FINAL_DONE</EntryCondition>		
		<Dialogue>
			<Page>(SLATE_FINAL_9) Huh?</Page>						
		</Dialogue>
		<DialogueOptionsList>
			<DialogueOption>				
				<Text>(SLATE_START_4) What do I do next?</Text>
				<DialogueTarget>3</DialogueTarget>
			</DialogueOption>
			<DialogueOption>				
				<Text>(SLATE_START_10) Nothing.</Text>
				<DialogueTarget>END</DialogueTarget>
			</DialogueOption>
		</DialogueOptionsList>
	</DialogueNode>



</DialogueTree>