<DialogueTree xmlns:xsi="http://www.w3.org/2001/XMLSchema-instance" xsi:noNamespaceSchemaLocation="https://raw.githubusercontent.com/xen-42/outer-wilds-new-horizons/main/NewHorizons/Schemas/dialogue_schema.xsd">
	<NameField>Slate</NameField>

	<DialogueNode>
		<Name>Start</Name>		
		<EntryCondition>DEFAULT</EntryCondition>		
		<Dialogue>
			<Page>(SLATE_START_1) Hey-hey! There’s our pilot!</Page>			
		</Dialogue>
		<DialogueOptionsList>
		    <DialogueOption>
			    <RequiredPersistentCondition>ALL_TRAVELLERS_DONE</RequiredPersistentCondition>
				<Text>(SLATE_START_2) All travellers are here!</Text>
				<DialogueTarget>100</DialogueTarget>
		    </DialogueOption>	
			<DialogueOption>
			
			    <CancelledPersistentCondition>SLATE_FIRST_LOOP_DONE</CancelledPersistentCondition>
				<CancelledCondition>SLATE_TOLD_PLAN</CancelledCondition>				
				<Text>(SLATE_START_3) Yes, I'm ready for my first voyage. Could you repeat what your plan is?</Text>
				<DialogueTarget>2</DialogueTarget>
				<ConditionToSet>SLATE_START_TRAVELLERS_DONE</ConditionToSet>
			</DialogueOption>
			<DialogueOption>
			    <CancelledPersistentCondition>ALL_TRAVELLERS_DONE</CancelledPersistentCondition>
				<RequiredCondition>LOOP_COUNT_GOE_2</RequiredCondition>
				<Text>(SLATE_START_4) Could you repeat, what your plan is?</Text>
				<DialogueTarget>7.2</DialogueTarget>
			</DialogueOption>
			<DialogueOption>
				<CancelledCondition>SLATE_TOLD_PLAN</CancelledCondition>
				<CancelledPersistentCondition>ALL_TRAVELLERS_DONE</CancelledPersistentCondition>
				<Text>(SLATE_START_5) Is it winter here or something?</Text>
				<DialogueTarget>3</DialogueTarget>			
		</DialogueOption>
		</DialogueOptionsList>
	</DialogueNode>

	<DialogueNode>
		<Name>2</Name>
		<Dialogue>
			<Page>(SLATE_START_6) Alright, you'll need to get the launch codes from Hornfels at the observatory, but hear me out: as you can see, winter has come to our Village, which means we're going to celebrate Christmas!</Page>
			<Page>(SLATE_START_7) We had to remove some inactive geysers to make space for a glorious tree and our celebration plans. We even found some strange Nomai wires there.</Page>
		</Dialogue>
		<DialogueOptionsList>
			<DialogueOption>
				<Text>(SLATE_START_8) Celebration plan?</Text>				
				<DialogueTarget>7</DialogueTarget>				
			</DialogueOption>
			<DialogueOption>
				<Text>(SLATE_START_9) But not all the geysers were inactive, were they?</Text>
				<DialogueTarget>8</DialogueTarget>				
			</DialogueOption>
		</DialogueOptionsList>
	</DialogueNode>

	<DialogueNode>
		<Name>3</Name>
		<Dialogue>
			<Page>(SLATE_START_10) Yes, some of them are still active. It's snowing a bit. Marl chopped down this beautiful tree, and I made the lights, but...</Page>
			<Page>(SLATE_START_11) ...sometimes the blue ones shine too bright, like they're overloaded with energy. Weird.</Page>
			<Page>(SLATE_START_12) Anyway, it seems like everyone is happy with winter. Go ask them before liftoff.</Page>
		</Dialogue>
		<DialogueOptionsList>
			<DialogueOption>
			    <CancelledPersistentCondition>SLATE_FIRST_LOOP_DONE</CancelledPersistentCondition>
				<Text>(SLATE_START_13) Sure. Can't wait to begin my space adventure!</Text>
				<DialogueTarget>2</DialogueTarget>				
			</DialogueOption>
			<DialogueOption>
				<RequiredPersistentCondition>SLATE_FIRST_LOOP_DONE</RequiredPersistentCondition>
				<Text>(SLATE_START_14) Okay, thanks for reminding.</Text>
				<DialogueTarget>11.1</DialogueTarget>
			</DialogueOption>		
		</DialogueOptionsList>
	</DialogueNode>

	<DialogueNode>
		<Name>8</Name>
		<Dialogue>
			<Page>(SLATE_START_15) Umm, I’m not sure. You can ask Porphy about this.</Page>			
		</Dialogue>
		<DialogueOptionsList>
			<DialogueOption>
				<Text>(SLATE_START_16) So, what’s the celebration plan?</Text>
				<DialogueTarget>7</DialogueTarget>				
			</DialogueOption>			
		</DialogueOptionsList>
	</DialogueNode>

<DialogueNode>
		<Name>7</Name>
		<Dialogue>
			<Page>(SLATE_START_17) Regarding the celebration, we need to bring all the travellers back home. I asked Esker a few times to help, but he keeps forgetting, as if we never had this conversation!</Page>
			<Page>(SLATE_START_18) Since it’s your launch day and there are no other pilots here, it will be your mission to bring them all back. You can start with Esker, actually.</Page>
			<Page>(SLATE_START_19) We can surprise Hornfels and Hal, so please don’t tell them anything. Let me know when everyone is here so we can start the celebration.</Page>
		</Dialogue>
		<DialogueOptionsList>
		<DialogueOption>
		        <CancelledPersistentCondition>SLATE_FIRST_LOOP_DONE</CancelledPersistentCondition>
			    <ConditionToSet>SLATE_TOLD_PLAN</ConditionToSet>
				<Text>(SLATE_START_20) Great plan! I can’t wait to bring them all back.</Text>
				<DialogueTarget>9</DialogueTarget>
		</DialogueOption>	
		</DialogueOptionsList>
	</DialogueNode>

	<DialogueNode>
		<Name>7.2</Name>
		<Dialogue>
			<Page>(SLATE_START_21) You need to find the travellers, tell them about the celebration, and bring them here. </Page>			
			<Page>(SLATE_START_22) Hornfels should be kept in the dark about this until everyone is here.</Page>
		</Dialogue>
		<DialogueOptionsList>
			<DialogueOption>
				<CancelledPersistentCondition>SLATE_FIRST_LOOP_DONE</CancelledPersistentCondition>
				<ConditionToSet>SLATE_TOLD_PLAN</ConditionToSet>
				<Text>(SLATE_START_20) Great plan! I can’t wait to bring them all back.</Text>
				<DialogueTarget>9</DialogueTarget>
			</DialogueOption>
			<DialogueOption>
				<RequiredPersistentCondition>SLATE_FIRST_LOOP_DONE</RequiredPersistentCondition>
				<Text>(SLATE_START_24) Okay, thanks for reminding.</Text>
				<DialogueTarget>11.1</DialogueTarget>
			</DialogueOption>
		</DialogueOptionsList>
	</DialogueNode>

	<DialogueNode>
		<Name>9</Name>
		<Dialogue>
			<Page>(SLATE_START_25) I agree, it’s too quiet here. We need their music, or Christmas magic will never happen. So...</Page>
			<Page>(SLATE_START_26) Do you have any questions left?</Page>			
		</Dialogue>
		<DialogueOptionsList>
		<DialogueOption>
			    <CancelledPersistentCondition>SLATE_TOLD_SCOUT</CancelledPersistentCondition>
				<Text>(SLATE_START_27) Is it a little scout?</Text>
			    <ConditionToSet>SLATE_START_VILLAGE</ConditionToSet>
				<DialogueTarget>10</DialogueTarget>
		</DialogueOption>		
		<DialogueOption>
				<Text>(SLATE_START_28) Nope, everyhing is clear to me.</Text>
				<DialogueTarget>11</DialogueTarget>
				<ConditionToSet>SLATE_START_VILLAGE</ConditionToSet>
		</DialogueOption>			
		</DialogueOptionsList>
	</DialogueNode>

	<DialogueNode>
		<Name>12</Name>		
		<EntryCondition>SLATE_START_VILLAGE</EntryCondition>
		<SetPersistentCondition>SLATE_FIRST_LOOP_DONE</SetPersistentCondition>
		<Dialogue>			
			<Page>(SLATE_START_26) Do you have any questions left?</Page>			
		</Dialogue>
		<DialogueOptionsList>
		<DialogueOption>
			    <RequiredPersistentCondition>ALL_TRAVELLERS_DONE</RequiredPersistentCondition>
				<Text>(SLATE_START_2) All travellers are here!</Text>
				<DialogueTarget>100</DialogueTarget>
		</DialogueOption>	
		<DialogueOption>
			    <CancelledPersistentCondition>SLATE_TOLD_SCOUT</CancelledPersistentCondition>
				<Text>(SLATE_START_27) Is it a little scout?</Text>
				<DialogueTarget>10</DialogueTarget>
		</DialogueOption>
		<DialogueOption>
				<Text>(SLATE_START_4) Could you repeat what your plan is?</Text>
				<DialogueTarget>7.2</DialogueTarget>
		</DialogueOption>	
		<DialogueOption>
				<Text>(SLATE_START_28) Nope, everyhing is clear to me.</Text>
				<DialogueTarget>11</DialogueTarget>
		</DialogueOption>		
					
		</DialogueOptionsList>
	</DialogueNode>

	<DialogueNode>
		<Name>11</Name>
		<Dialogue>
			<Page>(SLATE_START_31) Good. I’ll be here if you need me.</Page>
		</Dialogue>
	</DialogueNode>

	<DialogueNode>
		<Name>11.1</Name>
		<Dialogue>
			<Page>(SLATE_START_32) Sure. I’ll be here.</Page>
		</Dialogue>
	</DialogueNode>


	<DialogueNode>
		<Name>10</Name>
		<SetPersistentCondition>SLATE_TOLD_SCOUT</SetPersistentCondition>
		<Dialogue>			
			<Page>(SLATE_START_33) Yeah, I made an upgrade for your scout. Now it has a little Nomai gravity crystal on it! You can launch it onto the wall and literally stay horizontally. It’s neat, you should give it a try.</Page>
		</Dialogue>
		<DialogueOptionsList>
		<DialogueOption>
				<Text>(SLATE_START_34) Sounds good!</Text>
		<DialogueTarget>13</DialogueTarget>
		</DialogueOption>		
		</DialogueOptionsList>
	</DialogueNode>

	<DialogueNode>
		<Name>13</Name>
		<Dialogue>
			<Page>(SLATE_START_35) Just be careful, anyway. You shouldn't use it in places where you're not supposed to stand. That makes it more dangerous to fall, so keep that in mind.</Page>
		</Dialogue>
		<DialogueOptionsList>
		<DialogueOption>
				<Text>(SLATE_START_36) Good point. Thanks.</Text>
				<DialogueTarget>12</DialogueTarget>
		</DialogueOption>	
		</DialogueOptionsList>
	</DialogueNode>

	<DialogueNode>
		<Name>100</Name>		
		<Dialogue>
			<Page>(SLATE_START_37) Great job, hatchling! I'm glad all our friends are here and the music is playing.</Page>
			<Page>(SLATE_START_38) Are we ready to tell Hornfels and Hal? Do you want to invite anyone else?</Page>
		</Dialogue>
		<DialogueOptionsList>
		<DialogueOption>
		<CancelledPersistentCondition>SOLANUM_DONE</CancelledPersistentCondition>
		<CancelledPersistentCondition>PRISONER_DONE</CancelledPersistentCondition>
		<CancelledPersistentCondition>SELF_DONE</CancelledPersistentCondition>
				<Text>(SLATE_START_39) Actually, I need more time to invite someone else.</Text>
				<DialogueTarget>11</DialogueTarget>
				<ConditionToSet>SLATE_TRAVELLERS_DONE_2</ConditionToSet>
		</DialogueOption>
		<DialogueOption>
				<Text>(SLATE_START_40) Yes, let’s get started.</Text>
				<DialogueTarget>103</DialogueTarget>
		</DialogueOption>
		</DialogueOptionsList>
	</DialogueNode>

	<DialogueNode>
		<Name>101</Name>
		<Dialogue>
			<Page>(SLATE_START_41) Just kidding! All the travelers are here already. Who else would you like to invite?</Page>
			<Page>(SLATE_START_42) Actually, nevermind. Just tell me whenever we ready to start.</Page>			
		</Dialogue>
		<DialogueOptionsList>
		<DialogueOption>
				<Text>(SLATE_START_43) Yes, I’ll let you know.</Text>
				<DialogueTarget>11.1</DialogueTarget>
		</DialogueOption>
		<DialogueOption>
				<Text>(SLATE_START_44) Let’s start.</Text>
				<DialogueTarget>103</DialogueTarget>
		</DialogueOption>
		</DialogueOptionsList>
	</DialogueNode>

	<DialogueNode>
		<Name>102</Name>
		<EntryCondition>SLATE_TRAVELLERS_DONE_2</EntryCondition>
		<Dialogue>			
			<Page>(SLATE_START_45) So, are you we ready to tell Hornfels and Hal? Are you done with other \"invites?\"</Page>
		</Dialogue>
		<DialogueOptionsList>		
		<DialogueOption>
				<Text>(SLATE_START_46) No, not yet. I’ll let you know.</Text>
				<DialogueTarget>11.1</DialogueTarget>				
		</DialogueOption>
		<DialogueOption>
				<Text>(SLATE_START_47) Yes, let’s start.</Text>
				<DialogueTarget>103</DialogueTarget>				
		</DialogueOption>
		</DialogueOptionsList>
	</DialogueNode>

	<DialogueNode>
		<Name>103</Name>
		<SetPersistentCondition>SLATE_START_DONE</SetPersistentCondition>
		<Dialogue>			
			<Page>(SLATE_START_48) Okay, I'll go get Hornfels and Hal.</Page>
			<Page>(SLATE_START_49) Merry Christmas!</Page>
		</Dialogue>		
	</DialogueNode>


</DialogueTree>